id;first_name;last_name;birth_date;date_add
1;Gregorio;Goyette;payment incremental Spring;Fresh architecture invoice
2;Kolby;Ryan;networks disintermediate array;foreground strategy Metrics
3;Gertrude;Medhurst;invoice Adaptive;Oregon Program
4;Mckenna;Marquardt;fault-tolerant;programming online Kids
5;Preston;Sipes;content;Checking Account virtual Internal
6;Verda;Boyle;quantify;uniform index
7;Hunter;Medhurst;Corporate Customer-focused;web services
8;Anya;Price;multi-byte Wooden grey;connect Avon
9;Bartholome;Schneider;Music index;Dalasi
10;Susan;Marvin;Villages;parsing context-sensitive approach
